parameter_set,quantum_ngu,vmax_ngu_per_ms,km_ngu,k_loss_per_ms,uptake_factor,peak_ratio_burst_tonic,auc_ratio_burst_tonic,time_above_difference_ms
0,0.9317684054828101,0.05694380829940429,0.8496964030420681,0.00222589137984437,1.2855942411839822,3.5730799560598605,1.8532680669491974,236.75
1,1.4631977949917148,0.08941009441891377,0.7627776400234753,0.0022005778171480354,1.3861185940853438,3.6080751324947786,2.215583342958818,130.0
2,0.7971522851109909,0.08015308323015058,0.6536632590305889,0.003780102561509597,1.3444535355335394,3.1201168014339347,1.7878458388301015,130.0
3,1.3651708585627325,0.07888019140186603,0.37210174097149673,0.0022541793957815007,1.0802153741553004,3.8311674669563507,2.682678517030389,180.0
4,1.4665679071676574,0.06558367786947236,0.2648391594027137,0.00220402412474736,1.1310075273328506,3.989921133782493,2.969169397071635,190.0
5,0.6284976559172666,0.07407705453231367,0.5448908537002152,0.0034789476290250677,1.1016038231259428,3.2055801023017483,1.7889679060664965,108.0
6,1.2505511872137136,0.0921851889968204,0.5390817071691575,0.0026477575099998728,1.2763875626848598,3.432378003610276,2.24858163305762,138.0
7,0.8840443567271018,0.10591914627731011,0.9606328733178666,0.0013880953294815308,0.9027212144284267,3.4847589808704975,1.7821799347113576,194.0
8,1.2993238014090067,0.11702370992400554,0.42354593038255295,0.0010071142579795203,1.029383880650152,3.4383269584891423,2.462481453260256,137.0
9,0.837939526083697,0.058753602659415594,0.6232115494939202,0.0016977347210686898,0.8178423927006584,3.507666462039668,1.9177243631014471,304.0
10,0.7116974874392488,0.0638855132779268,0.43583224348499666,0.0029796850808052728,0.5040757960041147,3.3670780210392057,1.8479886034243136,311.0
11,1.4615838199491709,0.04127367489409184,0.40460011481615,0.0012922662219454848,0.624324585584896,1.1004577713899786,0.9625496215815754,19.75
12,1.3579191608455699,0.11722793365376505,0.35198341275247347,0.0031808879539216507,0.5328992528218571,3.969273334074693,2.624466360288994,205.0
13,1.4718341636690726,0.07211262292455323,0.578709747306981,0.003648203934168295,1.0962048090283367,3.8347998658543565,2.323328336626328,153.75
14,1.204510652995802,0.11750256911527704,0.34808700138755466,0.0020104734871801222,0.641272301528818,3.8421592547042396,2.6685188199120917,204.25
15,0.9157662913074851,0.06383742941802908,0.5358461943034494,0.003870513239663901,0.8061649695260117,3.665144479525541,2.0094571328729334,276.0
16,0.9962059935282526,0.059911526283517216,0.6956229809484274,0.0014864341459732543,0.3984864334231675,1.3727324945577342,1.0442885126609558,-94.5
17,1.2338096068075126,0.1102337496013934,0.8206667952880791,0.002029435064090434,1.2541268038059292,3.347409584721175,1.9956265064584067,131.0
18,1.0043355201323991,0.10322002251093199,0.41888462186468356,0.0025973478554649873,0.47797428399892694,3.7996384589181114,2.295693651439136,279.25
19,1.4791155812066803,0.1079298092368193,0.5420873691264391,0.003391853441415329,1.377307005706648,3.275062344487239,2.2474955100370164,106.0
20,1.3030180140276855,0.0876066826219044,0.8901032158568478,0.0026446454106609178,0.8580711713981982,3.5885711594361895,1.9518495172343633,150.5
21,1.3409066457878822,0.07108877796597712,0.7235032481771213,0.0024628242200797727,1.0574333684381116,3.7289998096799897,2.149757376605155,165.5
22,0.7889341674481208,0.07847159843782742,0.8496889909200985,0.0037709120031452948,1.3778868249307856,3.211020045163802,1.6843442293040203,140.0
23,0.5452646223322787,0.1123671163641653,0.34687157865418594,0.0036993707931109654,0.8700165919915099,2.5283270391697474,1.699549046819204,33.0
24,0.9135254646086169,0.11301615455086589,0.5092212351358038,0.0013725016558558613,1.0127110030038093,3.141259154689625,2.0264240554557538,142.0
25,1.4076940818013486,0.08334088373559378,0.3353019922011741,0.0036734544014467305,0.5741928709819656,3.7269034531058587,2.312749115746603,166.75
26,1.2615243173195771,0.07349136545035986,0.43260524669534717,0.0024609318512687148,1.3088536688535255,3.64694914722033,2.4686769077569855,165.0
27,1.0620421214798288,0.07094683197962953,0.6078361979434037,0.0028442598915685508,0.7481401233001352,3.5820846071825603,2.0017279748178005,228.5
28,0.8702589801753021,0.06752362860131732,0.5507439554609368,0.0038116908501877505,0.8849017638370593,3.672190953398028,2.0219075253952545,233.0
29,1.3861249285335782,0.054219739192605546,0.4527309768978188,0.0018415002708087774,0.6084613085150075,1.7530045211259295,1.232239658811695,-129.5
30,0.6599568186169448,0.09609671786216153,0.9870544583592085,0.0032181211973048994,0.3520135708982981,2.6232502403412554,1.3338239231668754,266.0
31,1.2054710701742712,0.11016741980215403,0.9320543612547374,0.0024210909208783275,1.445562147289868,3.1663421387052066,1.8516927955279543,118.0
32,0.6915357636688925,0.09699744036952637,0.3111156075291368,0.0012716638553069769,1.0820313403954982,2.716462958603677,1.9357922203607127,81.0
33,0.9379346956442323,0.04381274836550667,0.3509905401046992,0.0028268497360513286,0.720716114445543,3.1885886843374647,1.8885581968861194,243.75
34,0.5783389811999611,0.05478816640908969,0.49166425873678515,0.0011185357043349692,1.2390022710583084,3.391600177150267,1.8967709964211885,116.0
35,1.3343875404245835,0.06813606351401078,0.8554176300725046,0.003945124619057834,1.1549838513809925,3.6364329689493924,1.9569219966495968,147.5
36,1.286137325688887,0.11345597946260888,0.6808624535685619,0.0017258471701341398,0.6988865902627077,3.782938396710783,2.2482296234720462,186.5
37,0.6951068882855248,0.08461937289156145,0.3544144642826248,0.0023053012919468617,1.1926774130105162,2.8291254426201826,1.9220918800990527,91.0
38,0.6672974118523252,0.05965267091977511,0.514705098820572,0.003236679845831596,0.7148786965871909,3.5746466967554174,1.8776223017204408,233.0
39,0.612370082818101,0.054988776674937644,0.5579306175748369,0.001783282963625979,0.6647910444437561,3.3638205881605945,1.7680396748086589,262.0
40,0.555502976252811,0.09710432852199102,0.7850874560404709,0.0013245991628542642,0.6037253128083082,3.433464272339791,1.6402816064860444,149.0
41,1.4583203312815487,0.11466844230341791,0.36621034375279216,0.003302346101353549,1.4239869506967318,3.0085688457218853,2.290290189705875,91.0
42,1.217091914165789,0.10678252041825745,0.5071814496575959,0.002488206913206031,0.5231017777579594,3.737940095781396,2.2475215193503573,218.0
43,0.9626040532687278,0.06119739423118885,0.5606896579970275,0.002035123578232206,1.0682441359642136,3.7410624921742692,2.171133728829625,252.25
44,1.397533747867566,0.10805877530067232,0.3080706189681007,0.0011933296489220306,0.4513209185952855,3.7802885573468568,2.630478992223546,214.75
45,0.5804326707789915,0.11388117581341306,0.2779231575333986,0.003694782222220264,1.0464112897698319,2.1017473403135054,1.6066637934846728,14.0
46,1.1786066029772182,0.048337516985240095,0.9997643163591503,0.0022181884076156347,1.0640023435431503,2.8692693940365963,1.5688271658590465,21.25
47,0.8383912920427139,0.0732469446154059,0.3301176273048203,0.0028069720809962323,1.085066799060792,3.394331415994716,2.2774990454357513,163.0
48,0.9938568324841712,0.10606604796743921,0.4823865614796014,0.0010912306452283958,0.7832915122086159,3.6486613652833277,2.320697374156544,207.75
49,1.0910252626549264,0.0856134579616995,0.47537649080709954,0.0025710464606135503,0.6591073036964685,3.8057960374943804,2.290429749088484,249.0
50,1.3443237747762598,0.10563692406600486,0.7572493006479246,0.0014540236147284184,0.39039130642510855,2.161483089762219,1.3850265160962352,-161.0
51,1.1907336907820767,0.11335413369562083,0.6102705295417412,0.0010601562357305167,1.4463380454930954,2.9580462855945,1.994225412349936,107.0
52,1.485900613748313,0.0927804059087304,0.8587500186092042,0.0010616588390016867,0.4913679604916084,2.034891588058281,1.3484066899382088,-145.75
53,1.1095473266530014,0.09313203109881237,0.4243172534949683,0.0021151914395134913,1.0559582372479368,3.498984996370391,2.361195665745045,165.0
54,1.3766297369933014,0.10049541473619103,0.8627224717144012,0.0034283029687783195,1.2266925372019162,3.5392948145765804,2.043225436252617,131.25
55,0.6244337789910556,0.09916291347370441,0.7642329310975038,0.003793466092756102,1.4897635420704156,2.479114359458306,1.4630884698847806,49.0
56,1.0930289522000511,0.04756894581720327,0.936950916379432,0.002989636296230359,1.3828002839510942,3.446227006366352,1.7784562190589073,182.25
57,0.7430473553537245,0.10559489146409351,0.7798505293209326,0.0015595873178444013,0.9960115927467157,3.223867732866602,1.733818788476931,134.0
58,0.6484401321746255,0.08002149748367382,0.273489354525317,0.001733799840195725,1.4002764488293495,2.4188519126589676,1.8087032550804356,50.0
59,0.8401552200477556,0.11509925705513993,0.9645558363348725,0.0032138710608393783,0.7028253824898758,3.47400990893537,1.7007080800042387,203.0
60,1.1335426346721942,0.08033880031929468,0.25084375756345123,0.0013217760948120551,0.9564852906616088,3.7578059233928527,2.8312697479654867,204.0
61,1.1727922465410163,0.08664462168164058,0.42568102759741555,0.0013440026429487966,0.48167997291283826,3.270748933072685,2.0669362099966664,178.75
62,0.5674964801465793,0.08130977017108539,0.49342834433850546,0.002720763416147248,1.1847204038167685,2.8291470037209154,1.690582550264786,64.0
63,1.0354889996369852,0.10038233105535244,0.31776390315240377,0.0027793225937918064,0.7281977167563518,3.70318832898196,2.536602300031838,211.0
64,0.9982824872777272,0.06343654313188524,0.6230383678687414,0.003996752020580469,1.3758636917861602,3.542385936025996,2.0269196629795316,192.25
65,1.1496304789881644,0.10922107258142547,0.4122403241246836,0.0033927012593201926,0.4334431764536399,3.719951477682436,2.221623955498326,236.75
66,1.3412161823634685,0.0864796400215502,0.3630857153563417,0.00219403785693397,0.6906987818452055,3.97499511432316,2.6630825191840035,223.0
67,0.5185189048895967,0.10329524309083488,0.46320044345298683,0.0021715375956842856,0.6611903944417081,3.235938147839167,1.8051474864935932,86.0
68,1.2343575197853254,0.05768657903611872,0.7239066303545618,0.0010893748980326942,1.3084972078182227,3.743423225251011,2.196601259061946,202.25
69,1.2729186891538191,0.11738589400968283,0.5048336347566181,0.0019437429776753775,0.8428519022389149,3.6663206066934513,2.4144814843523457,166.0
70,0.635235365563238,0.050660412599783766,0.7404953561591556,0.0035616362305739406,1.0975137151183243,3.460820954420854,1.671600579891215,185.0
71,1.0456674007691262,0.07047451588561725,0.792349884411601,0.003750866962217922,1.0915790692648897,3.6128410821836,1.9114290409677623,201.5
72,1.4176099659732868,0.05643952497852221,0.9930391707822244,0.0023101435768465043,0.575124411523183,1.489765828866422,1.0620261530329367,-88.5
73,0.6762410904234438,0.053113990567422165,0.3332287362568973,0.00388160287333215,0.6645577756993122,3.7234421716700385,2.10980038210812,249.0
74,0.6041515778664857,0.10905716611096192,0.8825586839921961,0.0034208535041023434,0.3950491321829217,3.1546619904128197,1.487627069742732,230.75
75,1.140505052914512,0.1072996216501095,0.6168185756872382,0.0035561992470797207,1.4577851418295822,2.920376474267356,1.9162054396871884,110.0
76,1.1726521698485408,0.10824256624108688,0.29894901316294764,0.00180540730041139,0.8002854018769638,3.6600909092764167,2.674928025334306,183.0
77,0.9488882737381675,0.04085612547558443,0.5479649266392657,0.002732587115154817,0.3887441762439573,1.2819356095921444,0.9911149121324798,-54.0
78,1.4835408897882614,0.11123352095428327,0.7288799680248785,0.0020298306428665164,1.4832872780317317,3.257354660996025,2.125281681245544,100.0
79,0.6232599148679505,0.09408259932096827,0.6990579507868794,0.003883358108765954,1.3189937431624563,2.6998473559885032,1.5468940642654432,65.0
80,1.186532121531969,0.07048323679505847,0.9159275833752969,0.0029773953194523898,0.9921806997765887,3.5125037244322175,1.8495435392793,169.25
81,1.4095178202733574,0.08144192056917265,0.26110221494015085,0.0027436113004359925,0.799951235438763,4.0302555399012245,2.901651543951394,207.25
82,0.5080016102817663,0.08755239632255593,0.6800877503504755,0.0012626568860126758,0.9673265794629675,3.1293443117355637,1.6054109522029543,74.0
83,0.760613228900021,0.0770078131729259,0.32585336515399227,0.0019658101371593383,0.9045412621638936,3.48833335132577,2.2976611177968893,167.0
84,0.906589409923525,0.045223536824068995,0.8741083495982575,0.002928884679203177,0.6206246137987483,2.017457620731168,1.2070155235447484,-202.75
85,0.8290080169091999,0.06396685756807662,0.7461164236230025,0.0012591801936575905,1.0200655199140125,3.595060184201217,1.9009898922845971,242.0
86,1.3990422591711282,0.10372190583113267,0.8230396102199264,0.0011406268508799603,0.7512998431295994,3.6754792119189434,2.1451888695628374,150.25
87,0.744268741454976,0.043431005430661335,0.29867411438345304,0.002738269190413042,1.4878070498904217,3.514553101124868,2.316663969398561,169.0
88,1.423331649251907,0.061546089384888425,0.42222580026568357,0.0015879074585589685,1.318187563272387,3.9279673172711123,2.7092234041975987,183.25
89,0.6404649026332866,0.11647418896247308,0.7305780743732122,0.003243442258584156,0.7332478800996542,3.273646831278118,1.6792095496743125,120.0
90,0.8576421851178238,0.05557286171155007,0.363777452125977,0.002266402616631864,0.9742636308116924,3.820591171757071,2.3917350240216355,247.0
91,0.9368467399176982,0.11408714604787107,0.3403452036535731,0.0034699507733999854,0.5440194704697096,3.7544600545448943,2.4121247472371947,228.0
92,0.7585672284493353,0.11538685004011581,0.4727004355568336,0.0014091391192309931,1.0419864862306287,2.794401337492947,1.8327223186571193,97.0
93,0.7405893437930139,0.11862372788696016,0.4434791948278093,0.0010619204778549666,1.0773664651696433,2.6242891126880394,1.78268939085781,84.0
94,0.9580441147389376,0.10652453006193674,0.7257409773423925,0.0019211625014428813,0.9452244448979144,3.460261809469409,1.9607015191144226,182.0
95,0.847770299948675,0.10242349153249511,0.6302793949050185,0.00281277102612178,1.1707449608394664,3.0361873937093,1.8231368226916544,128.0
96,1.32244618414722,0.10632654226373153,0.5438961815418655,0.003966341175487387,1.2493117684470092,3.2894051411931984,2.1797418458630125,119.0
97,0.5283391974885713,0.10670839855590536,0.5341930895269038,0.003967991952698448,0.4171111512899548,3.5079995664729466,1.7396324254614612,144.0
98,0.9310574531548764,0.05297369437285854,0.3251819055301678,0.002821550283709366,0.7802849040056871,3.8273792048617112,2.365410194764173,325.5
99,0.7338115016794785,0.08679037065509176,0.6677642930902363,0.002955343642284617,1.468042004690611,2.812881619629166,1.664849680568901,95.0
100,0.7015072170998259,0.0466793379177872,0.25888621426596686,0.003871875608677251,1.3411439519942032,3.423876593830972,2.287776735751714,146.0
101,0.7735390452466999,0.0639816245626538,0.37646097440062354,0.002557693287186839,0.6125177924853981,3.7232561850790917,2.176149313983213,290.0
102,0.6780507042252147,0.07152141323538,0.4373645764899188,0.0037420038873989085,0.47970779633814964,3.501762548158257,1.8702388144279884,268.0
103,1.119898053539105,0.06293627840123883,0.8612781713743478,0.0027190405375717873,0.9269752126904338,3.358973043523728,1.7843114856871778,167.5
104,1.2670069908403059,0.11805294947024594,0.4035995909327998,0.003519933527244737,0.7958500628047736,3.6294054901175707,2.4523889134361205,161.0
105,0.8419943513438577,0.09541652077751639,0.4357867210718373,0.0035642749690473,0.829942643513161,3.4477774893560458,2.1235442885508915,169.0
106,0.5224755519849591,0.08664370850329894,0.7838895586458905,0.0018433841164090115,0.45242794225527355,3.152809953646531,1.5210933001616211,199.0
107,0.823767737192738,0.07907394634963277,0.3013055921805299,0.0034709059338299056,1.4358047516511108,2.75406899387842,2.0081743818683218,102.0
108,0.5036805388862331,0.04352060841276291,0.8497522945789809,0.0025458052113969424,0.9651130939008382,3.1730253448823347,1.4736074506820418,176.0
109,0.9773115691608454,0.07496263628454955,0.46943778390307433,0.0027124388385860636,0.5678508535447602,3.5383416738822033,2.041002333138319,266.75
110,1.0467349574509064,0.10819589919299183,0.49299904779045156,0.0033211904293710148,0.39221980417909047,3.441261079713588,1.9487687239261742,221.75
111,1.0307022252089517,0.04973898761315012,0.6603965019771301,0.0024741570630255174,1.4615079595409854,3.697619054145996,2.0807258873244647,224.0
112,1.1856648290731577,0.04168632401894942,0.4979462875380305,0.0026499598675603494,0.7718219234323482,2.2745375296530335,1.4055890078394586,-162.25
113,1.1364177023160638,0.09271096999745587,0.8373840323221722,0.0018783660514162441,0.779567749986809,3.612631066423972,1.970463558205849,197.75
114,0.8187798743812172,0.055622118477046026,0.582063433835817,0.0030628162404383505,0.9596657031431337,3.6339138479352813,1.954824078126892,250.0
115,1.284496787729822,0.11575491237336075,0.9155695923451672,0.002657404951458896,0.4977978261900148,3.1689046187325913,1.721689247517296,68.5
116,1.1831033191879476,0.10983482039873516,0.790020907407058,0.0039174241516996946,0.5639425814090583,3.5132380182950516,1.8591163833181379,172.5
117,0.9893591496115968,0.10146015618412838,0.49823535644327765,0.00132668548501783,0.7005446387713209,3.7666202767630397,2.3229997128387807,241.25
118,1.0633168857210935,0.05302742899789539,0.514813968372172,0.0021307878506538797,1.4162961138400414,3.7536564172269418,2.302296324456265,216.5
119,1.2290786907011984,0.08944049933076306,0.5472359632894359,0.0012132115587626482,1.1897978291690432,3.5909951643138016,2.346204882285801,162.0
120,1.1415943216329336,0.11255769724272294,0.7163632587827057,0.0038981367827030148,1.2861708512866716,3.097275590957991,1.9054055381282637,121.0
121,0.5835511868491898,0.093087450684125,0.4433791672510574,0.0014620168188138481,0.9852913602782148,2.9137625056633616,1.7901541549882687,73.0
122,1.0292365777337513,0.07800778854794557,0.904669915161757,0.0018625734514340574,1.2474369666777956,3.5571807460753773,1.8998166800452005,193.5
123,1.197379858930574,0.11098443863628174,0.9063496172868301,0.0023235022763345367,1.3098298174688527,3.277034171838572,1.8981334967124437,130.0
124,0.7186626644681091,0.08352405988972608,0.9458377753405205,0.0026548611890834994,0.8638277469088128,3.438382451540834,1.6423552317332415,193.0
125,1.4118932286192054,0.10299228525560544,0.843534620689181,0.001248934817506073,0.9961291293920488,3.740438832262055,2.201389971036069,150.75
126,1.393791691511098,0.046980616910287896,0.5183869903289917,0.0012713067835351144,1.394628728250865,3.8513139252003095,2.477630599027176,193.75
127,0.8952917157443453,0.08613985694489085,0.7079055324409746,0.0025508243978497516,0.6892515246059017,3.585849520341302,1.9003660570102687,268.0
128,0.8156457755453745,0.050093244678672155,0.8729650712717768,0.003749299985277904,0.6215210608281116,2.4703331375363313,1.3211003350552786,71.25
129,1.1906680396486304,0.06842356665868768,0.2522904236498452,0.0026326817583326306,1.2500783020505981,3.637275762913848,2.712760773982416,175.0
130,1.0320165359152842,0.04482953799272181,0.5400194797522796,0.00320786353033627,0.5288437988470609,1.8033021119113601,1.15849299701151,-168.5
131,0.7544165634812772,0.05733968752209985,0.315629311537616,0.00345902540408191,0.8144370653867998,3.7938106730349452,2.3218403435955373,226.0
132,1.134023610555808,0.08428331576517961,0.691533896744341,0.003601256267472261,0.5225742527398302,3.0866458604575646,1.675116226638631,106.25
133,1.4985124725676044,0.09310228928397526,0.8908809921653873,0.003998512905437783,1.2595391772498707,3.62424553029487,2.065564894753262,117.25
134,0.6194371844938064,0.06450700229574917,0.3180002539077658,0.0014035104886319428,0.3858022006160381,3.218204567959757,1.9214907227504407,345.0
135,1.2512958832072423,0.07210219072711166,0.5098090814831859,0.0019136061606849996,0.7470738390619132,3.6609679981068584,2.2379335558636853,205.25
136,1.220493107557975,0.05798619060105425,0.60831862184372,0.0015114543739164748,0.5159549799535994,1.5418785311514256,1.1242682066215377,-113.5
137,0.7009259907647016,0.11638960300443274,0.6494307695252162,0.002115978167923722,0.3762503339688573,3.4101523539641656,1.7678008413531447,267.0
138,1.434890654806578,0.06392035064617128,0.5305684160232412,0.0017395653686203656,0.901753762053323,3.618738562749017,2.2576323183165883,146.0
139,1.3316372397200222,0.09443465950101455,0.4738202665224962,0.0039425051461532525,1.3784664358399294,3.2896937453195334,2.252508190558166,119.0
140,0.894672605974252,0.07112993542775967,0.8896788615245838,0.001537973486795088,0.4852187073288787,2.2784641216609502,1.3444718281516037,-68.5
141,1.0735698836549123,0.10467276196047626,0.7693868526301301,0.0020915158346867324,1.374493091364406,3.1221161216172364,1.8803034110936594,132.0
142,0.9974638424461988,0.08244008515329487,0.5872814597023363,0.002081723842482304,1.4847486949870503,3.174029158826894,1.9974466535869007,149.0
143,1.30324332916895,0.07235138858958635,0.4928652054742163,0.0010483293427779664,0.7726631676711724,3.7113625322854458,2.376845148987946,207.25
144,0.6328447494979886,0.07385151075415033,0.8761948879401265,0.002311341500873205,0.8885981198658113,3.426005343261973,1.6257434694400155,173.0
145,1.2205283692741857,0.06833895707846863,0.2873325233986219,0.00230860411909525,0.6966682612766983,3.951429358479693,2.657004155680062,267.5
146,1.0352465145285614,0.11929422556555119,0.9299872791311133,0.003710267564988708,1.03798492243922,3.309413103077825,1.7921346710292885,155.0
147,1.225160698271617,0.09785179111614628,0.8458568726088044,0.002376149924832924,0.7023927062479584,3.552598795233569,1.9386490137283405,170.5
148,0.9754581721108939,0.09436355407548794,0.7133689834603947,0.001693765617747472,1.3650802926569585,3.1643847742502267,1.8914154276561987,147.0
149,0.9192942036086481,0.062409822487834374,0.8985517254418198,0.0023995296716249554,0.8729248234480423,3.2948394719909198,1.6899419465751528,230.0
150,1.1419432589482057,0.08617277478424867,0.4547421583708168,0.0013168808363596112,1.2492426176332332,3.453807666844685,2.34730402234753,157.0
151,0.7255469262882946,0.06131337306961579,0.7955857928545614,0.003242189570616764,1.49724354174906,3.315973923651397,1.7057877374011172,144.0
152,0.8968140290465754,0.04981508177955752,0.5579018461552978,0.0022580535774923147,0.7011338367811657,2.9624450407591905,1.682613953900963,202.5
153,0.6262283191070509,0.07727011031317238,0.5010134700471037,0.002510717602483184,0.5695596009798848,3.605145270770112,1.911550841438411,211.0
154,1.2146166007414347,0.06590431996491584,0.993389919968257,0.003444534351261965,0.9030296253783023,3.2184353672834125,1.6700839453243732,101.75
155,0.7974396964213044,0.11993578238296851,0.3990670534850389,0.0027380564746886512,1.2959798872325352,2.2483379336131253,1.6671310511518147,65.0
156,0.9602725890157172,0.102574442407034,0.39496761328213426,0.0028655084822271615,0.6685373685431537,3.7195772050655105,2.3619477994006517,224.0
157,0.8039262456823113,0.06652156782076153,0.3836205121453743,0.0011888391481861473,0.4189304163721803,2.788145437034465,1.7304519449973779,254.75
158,0.5167703309091372,0.05491986703280496,0.9431845486121767,0.003941914483894186,0.9225277153155844,3.2504590359331726,1.4455351373045264,150.0
159,1.3243130923342774,0.09142334262492906,0.9738881844928865,0.0022482610020940646,0.5451416103109716,2.6647329469123298,1.5142619800804502,-119.25
160,0.6261444113338065,0.06452797319381258,0.7570386474583573,0.0025519565106163072,0.44358698942382185,2.5835203956525623,1.3788381617636756,302.75
161,1.310725661798444,0.05810858380458278,0.2857291124053255,0.0016354277297106364,0.5360907531636194,1.8900239222266189,1.3542549253669391,-119.75
162,0.6845489320341455,0.05011432826657526,0.4592145152328396,0.0013689182613262141,1.1565956452074548,3.6497736582074585,2.10217696800389,190.0
163,0.8765321909483763,0.10344967289320733,0.4073266476122511,0.0027531280260402287,1.07800628270037,3.0047743870333083,2.0319845836371315,128.0
164,0.9731123631948939,0.07664628998788214,0.3703281644541698,0.0036747597038239302,0.8460699457734558,3.7446248483743814,2.370310105442301,230.0
165,1.4667440768170128,0.05199325493039453,0.5389481696679931,0.0034067005540425166,1.4590676553648216,3.8617097828222837,2.3790618758717432,159.0
166,0.6889895317311546,0.08716123799944289,0.4302093016147238,0.0021430283700152137,0.3737179097646784,3.399374036222784,1.9045105256369752,311.0
167,0.6299095340097876,0.10822330155586046,0.8001533686078193,0.0030147411331581447,0.4555380295559605,3.360519243700247,1.6088827864095985,216.0
168,1.2545603687630815,0.10878365815537322,0.9416431872501781,0.0027937973693034513,1.1128240863965582,3.5131976470718036,1.9541061308759802,145.25
169,0.715288495385491,0.08743756653241931,0.6077044810229845,0.0026154012715948662,1.2614265104360487,2.973636343576891,1.7457116212937918,104.0
170,0.5822266463995114,0.10007698553289773,0.736526256727915,0.00389472899854887,0.6395944498800041,3.4064354886112476,1.6369885009311704,133.0
171,0.6100130056382137,0.05613392447000642,0.6806643856502095,0.0022719163484756035,1.1585964268028492,3.468546603159116,1.7432502457847503,147.0
172,0.6476685249214548,0.09706655903433799,0.2963627374451027,0.003771629047367329,0.6353795031307945,3.395558322366825,2.1676019179533985,131.0
173,1.2763311142612976,0.0807695372243762,0.6957824091624534,0.003328524029377356,1.2730508755192997,3.6213182997923057,2.1459073017389914,154.25
174,1.21592194464787,0.04624375927703102,0.6607094442389988,0.0031882087830596823,1.1393795453788065,3.418434480483223,1.9012902759684058,155.25
175,1.3186181814670328,0.09954020055029529,0.4526218428667116,0.0019448829649506654,0.6702907635347958,3.9199208897259172,2.54308686714546,211.25
176,0.5338243780097862,0.08299670501178938,0.6589786572009853,0.003353631796029535,1.410075777815115,2.6211804566942773,1.497949124745229,38.0
177,1.0760135383920941,0.056810709613110875,0.851617537438407,0.0021350676859218233,1.4049757632015698,3.6289038058065954,1.9480020117012449,202.0
178,1.1037725843665571,0.06766369586586256,0.5442252461235457,0.0034797423221407673,1.2082881053359256,3.6779116728584706,2.210208039196331,192.25
179,1.4302851421279934,0.07733380938987582,0.9685638056035489,0.002864077645298468,0.46081716563843894,1.7759525036942458,1.1476292657846057,-147.75
180,0.8087379693848266,0.04280128017644641,0.5087171865410167,0.0031621882953980357,0.40807374744781477,1.6154607984237168,1.0837600859895438,-174.75
181,0.8807530539434493,0.08780181308444887,0.5246708433260616,0.003238977719232553,1.1519949062822503,3.240288955506727,1.9909288929279436,149.0
182,1.4035153308535895,0.10711640944307266,0.8077001354310899,0.002321288111421709,1.1307193717132955,3.5984573131940696,2.14764124840878,132.25
183,0.6429091474247599,0.09158577162636533,0.7819225533360558,0.0028544251000147836,1.4351471517488807,2.7353394419236605,1.5344412550568125,73.0
184,1.4315452651998912,0.11759180102263436,0.5362547505302558,0.0017697418465355648,0.7704472931226105,3.8459857880677406,2.517623221181818,167.25
185,1.365789506699047,0.11497475450527819,0.5822487910733195,0.003938176061569147,1.3866893060835945,3.0786309096801925,2.0805309578526723,99.0
186,0.5516808755073698,0.11844172942924441,0.3678955915341712,0.003325003869462548,1.284467049549225,1.7615678064658613,1.3822544247297357,0.0
187,0.5203453580329961,0.05761561477285884,0.5469144293203128,0.003952710523996948,0.6639435025456832,3.4506554244850878,1.6849273510572973,163.0
188,0.9115874774529726,0.10304764045381701,0.6708261456870166,0.002705482874369779,0.9959864335196094,3.3515696974951306,1.9265345065840183,163.0
189,0.5353145200320313,0.07422346520019936,0.9254148501815151,0.0021140121693771826,1.2226302474402975,3.188687886559816,1.5052964563319557,92.0
190,0.6393141958244901,0.06433049407439674,0.6593588012564905,0.0010936549148422613,0.6911686756595667,3.420382518122206,1.7695633839422824,250.0
191,1.123416860940791,0.04823679452196522,0.6539329459572841,0.0036207515884986653,1.2002970705772225,3.6047377696577976,1.9736659415517697,204.5
192,1.4948958699827766,0.08733830488032752,0.8761588730180659,0.002819848595128003,0.40749658744210804,1.7403843446525216,1.1431766166272,-139.25
193,0.6826705347637234,0.10934635836130421,0.9452511416715272,0.003591514083215866,0.6559721269748129,3.405231442538422,1.5969557437855906,178.0
194,1.3504287956776533,0.0825586297601616,0.5968184294864518,0.0032093375099145342,0.5956786857015423,3.2576302142921008,1.8634643940951485,76.25
195,0.611286063876894,0.0796577697919261,0.45936889222338706,0.0014673006899143417,1.2460444941963913,2.852337148293818,1.7732786451187488,75.0
196,1.1893559511771785,0.046764669294359934,0.8863754364953922,0.0026348733240301315,1.0747187760278134,2.982898525926818,1.6279049029438881,55.25
197,0.9017025254827963,0.0548642571742696,0.5114281681954004,0.0024079692612860642,1.0265674866643346,3.741687672965883,2.1534277730056064,265.0
198,0.8604172641584027,0.06130464776443498,0.5896686093073225,0.003526028208378356,0.3962242365219862,2.1745320693263857,1.2713489108399216,-101.0
199,0.9314266600829118,0.06590963167772868,0.30633217598260865,0.0039506384836558335,0.5771546406833471,3.7757368390992565,2.2596673222335975,317.75
200,1.167343725333126,0.0586221845662367,0.5238278881345866,0.0027659430104934393,0.7831986020427588,3.4044442999470292,1.975168633742321,181.25
201,0.9834412809675156,0.04376106069395507,0.6219511293137919,0.0017756871051873182,1.2899816315517865,3.6451159650306892,2.0589439766699362,259.5
202,0.5207086414910207,0.06536288835050026,0.6947524587682843,0.002708694333995846,0.534233391054443,3.1510888720882395,1.531111075999729,203.0
203,1.0842924635406228,0.09158709002595614,0.7534591133125718,0.0038197083649871844,0.7927195013255836,3.63882563916437,1.9479388789541687,202.75
204,1.2004543491155846,0.051993559364011024,0.5232102318555031,0.002967785513898155,1.3196948562182214,3.819143288716015,2.307063551694432,211.75
205,1.2992919615673488,0.09293591536712836,0.5652023503633165,0.00375682548117016,1.163907804112092,3.545309248479559,2.242592224886546,145.0
206,0.7817373092961347,0.06603460431804861,0.4655473813572681,0.0014679870151831746,1.0354659519446872,3.617267088992445,2.16479408002072,191.0
207,1.433984664896734,0.04136928092707102,0.8564878323133903,0.001473569775518854,0.5699571036089606,1.0936866073820173,0.960842684200028,34.75
208,1.1245727993286971,0.06058266354840838,0.2932634520989095,0.001895518369097392,0.4964413762579464,2.442036439814835,1.6083477176141752,-46.0
209,0.5485211010993921,0.07925683159818481,0.6243449842070445,0.0011612872833664588,0.7018490714439005,3.5083694998821437,1.7667873254728708,143.0
210,1.3489784905564224,0.06655545762387094,0.7065472846452785,0.003585203803441113,0.9615840530807871,3.5979419937990023,2.003458916704816,143.25
211,0.6955331842085626,0.11280485834108356,0.9200434024161316,0.0020452860106424187,0.49943584765712057,3.3525594683964304,1.6179946276238433,235.0
212,1.4742721081397745,0.04174229901168948,0.706407181206256,0.0012140314786063464,0.8860634776173718,1.5328995815057693,1.1365528485926606,-101.5
213,0.8870764271080241,0.0703504921617171,0.5629261119697996,0.0018502969387650795,0.6264471990412488,3.4608735844636263,1.9479779199931124,295.5
214,0.5110057995113849,0.0537120672957285,0.9140724422368035,0.0016029037667743807,0.4688432844766386,2.189899482114165,1.2327028515856253,286.5
215,1.3678753464819244,0.06949697159016328,0.9628902919749027,0.003805145896533616,1.0344891746860736,3.472377398118911,1.8238826961981371,108.25
216,1.4693908269240765,0.05659560071197664,0.8668990041396747,0.0013668966914810285,0.9062094501136164,2.5677377493477613,1.5641109770812809,-178.25
217,0.6787599115173871,0.08512824124980117,0.26335215639794224,0.0025783593544259306,1.0231493876791253,2.927268144630701,2.080907484828151,95.0
218,1.0349312440993026,0.09411282495001452,0.2555175363582005,0.0016277854272811546,0.8377542960805698,3.6239479988869734,2.683282810869567,197.0
219,0.80526328091286,0.11932160609166848,0.4706635114187127,0.0026753005214599163,0.40018064158483463,3.7078595794672218,2.095216024181139,264.0
220,0.5044378722872476,0.0630626677910452,0.8285639769535889,0.0024623162995568767,1.1147801862413689,3.316365331298129,1.540548092833836,105.0
221,0.6520177035163963,0.08560424498323886,0.7660897683598414,0.0014392373694795118,0.719096481181278,3.4984257296529653,1.7369215533213982,192.0
222,0.5399835335395394,0.11452191129186712,0.5053479957345537,0.0026293992195753906,1.09197519135032,2.336507606022881,1.5109494800157348,19.0
223,0.8637461312145307,0.06304012903476604,0.3913400243484888,0.0022747584175006118,0.6434884730869697,3.6987363315075172,2.200216703297883,326.0
224,1.2260634890113224,0.09311507166922436,0.395429318780275,0.002108470928144756,0.7489570006427252,3.9053276049845502,2.603042586677746,217.25
225,1.2753821645134986,0.11685125612608552,0.9408463328083347,0.003845335930071177,1.3676095727322015,3.180331631074763,1.8537755509061757,109.25
226,1.0000060060800333,0.08363057509401439,0.7816848395203471,0.0035924923692859418,1.1918260842762813,3.4660737468941134,1.89928699982832,178.25
227,1.4978333070195713,0.11780345063452105,0.5138926188662339,0.0037335610922015383,1.3819115968727909,3.128651150636548,2.2065270304182327,95.0
228,1.4121095879334722,0.05220135516738349,0.3694618993735732,0.0031523372157308133,1.384103731695872,3.9406266163801,2.6511339169187367,188.25
229,1.040078352679249,0.080220127900587,0.251787337940132,0.003283454413791349,1.2829001746443784,3.2012682784666344,2.4080671026919314,147.0
230,0.7515308296320031,0.09250816388371735,0.3333850946242873,0.0010152048016603703,1.4653863681390007,2.3723768343042115,1.77435145975209,67.0
231,1.2767806927818808,0.09787955648374595,0.524047293424671,0.0011761533401351961,0.3539323970427508,1.8873114445694938,1.3173029366381668,-129.0
232,0.5185267838738318,0.06538402712959207,0.3827354227444086,0.002903910132459015,0.5212331595534072,3.618732707641999,1.935511572740614,174.0
233,0.5609072524824075,0.10811310505378299,0.6335529475279492,0.002442135515409726,1.0858724087135672,2.654497567114438,1.542854853453261,49.0
234,1.1439818721158723,0.11962134102912958,0.8623248456552408,0.0031323611271303906,0.46804503472901393,3.2913027348850554,1.7399687116159674,145.5
235,1.350780483260806,0.10932846007863822,0.5382745428036324,0.0038384809149790925,0.9303249242567562,3.634296788978303,2.312877565272439,146.25
236,0.598740196943467,0.04295268810270911,0.9643241255328981,0.002851194372075368,0.8609806584923925,2.830413006573314,1.3866534939024926,276.0
237,1.4443904324644867,0.11096995589300906,0.8547330920324309,0.0019354963664661412,1.3792399195163019,3.387027238363143,2.0761455278821637,112.0
238,0.6360319400530559,0.11791696877092553,0.6896748906542417,0.0014058694245315305,1.3416338166595887,2.3429605414082446,1.4741231267586947,41.0
239,0.6627653819180986,0.0965174431280677,0.9930878841407733,0.00302214589364929,1.0182044759996847,3.248644252679952,1.559890546504172,127.0
240,1.4194791051311921,0.11398218297842491,0.3035701622417776,0.0014907466320538334,0.3758692817287076,3.2473178818484554,2.182423180258027,98.25
241,0.8051257997532041,0.09392056450266534,0.8943407697880126,0.0022710657455882483,0.946761609955421,3.4501217876331247,1.7431296018180706,179.0
242,1.2728578723862132,0.08948233000295372,0.7140868544480905,0.001988958119919163,1.430472820638002,3.4370275843602136,2.1225047855274006,136.0
243,0.5208120579771789,0.047627689917247966,0.6572434392195976,0.002302525558922887,0.7746845660064023,3.2657562729040803,1.5976837253441063,194.0
244,0.924126934097872,0.05957797420379538,0.27926747936308915,0.003951251833856623,0.4982813508604945,3.3683210288361094,1.968119310243522,282.0
245,0.8649277577937992,0.04050911629922479,0.297352122527773,0.0032099814472254288,0.8630628033080475,3.7255290683539712,2.250854514789374,339.0
246,0.9898738858250882,0.11417072747737445,0.6809946744170887,0.003977663179880965,0.8772051645882143,3.417158150628917,1.9480554119075266,177.0
247,1.4371717814811098,0.08382394306418237,0.34236357815110946,0.0035265926334977823,0.5945610704387724,3.7652714895056407,2.3588878477150343,166.25
248,1.2403026669259372,0.09989480401119913,0.36311801514358477,0.0015384055244860445,1.2304539671864991,3.2970291186348537,2.4243041812957125,130.0
249,1.1438026296174066,0.11689418427951415,0.7813613873203453,0.0025096828872797194,1.0429401877144322,3.4021803881001476,1.9861967755206786,146.25
250,1.320409382429021,0.08059552678776102,0.6568176670350623,0.0013829176516291415,0.5138714604944918,2.3659941297237626,1.5016704034492803,-156.25
251,0.6926928894747097,0.05893780933402658,0.6414560133090976,0.0022598143440657782,1.1582769210720958,3.5209040218000673,1.8520883967235575,174.0
252,1.1246778649089193,0.05794484145598548,0.47414089491340544,0.0032998440754000544,1.3101438794891185,3.749191519852183,2.327567662347631,204.25
253,0.7729354530986755,0.10131440959307603,0.3363389032977616,0.0025987946930537673,0.7654044961717397,3.349946250068706,2.212404084503837,151.0
254,0.645495751889679,0.0760676114984555,0.5523101144535087,0.0020527758276809856,0.6740546020718213,3.6040186965252206,1.9062053492053224,201.0
255,0.5401468793343814,0.05567004068732484,0.5365766791053415,0.0031928594813874973,0.9281993565868845,3.5053354441258437,1.783384223904803,133.0
256,1.324594423573324,0.07262567513094798,0.33428899746741186,0.002280612357223591,0.6542762613539902,3.757240488039383,2.4468754357003943,210.75
257,1.2312665117627073,0.10302367032967547,0.7669759556052338,0.0029465974586362826,1.4342832895996978,3.202770289193583,1.9617367138173325,118.0
258,0.9982441861220596,0.10887094354689417,0.6349984012222836,0.0010085141951222331,0.9373127283663736,3.4806959325995983,2.09421616372672,181.25
259,1.0141151592440534,0.043261073756322176,0.8224888679584499,0.0011571105488985178,1.4872589563671,3.539075637635433,1.9219120439202702,230.25
260,1.4009574861018241,0.06948234507440722,0.9177682302421492,0.0036578312173526895,1.0334426991982748,3.503126374157393,1.8699442495557843,104.5
261,0.5978267011511116,0.06972055262060732,0.5700653878831324,0.0011814012331927567,1.1201917053207788,3.298722005741777,1.8079227585025437,110.0
262,1.2933512345900993,0.08991693303530086,0.5857241677705262,0.0036503206075655867,0.8036875754718864,3.788908643471875,2.2257328719796736,186.0
263,0.5291933987674271,0.06715494969950758,0.9806504569510036,0.0012097276776445612,0.6175819829102329,2.9597382721890653,1.427145715154852,217.0
264,0.8735208683323701,0.0984691141450764,0.7602410662370738,0.0010369497636444549,0.641967566100728,3.5856071672611085,1.9177887106049782,267.0
265,1.2967152792449015,0.06473599173484244,0.2545329931989371,0.002009842590941944,0.5165743990631881,2.5338946114067546,1.6935249428847408,-79.0
266,1.230589115540729,0.09613759382241296,0.3997522693989467,0.00189068007677449,0.6502463582515448,3.9403986236743496,2.5978569903959032,237.0
267,0.8932529093188855,0.08771191017108243,0.4313429158129397,0.0011359394268450644,0.9474506991998483,3.5245363549619406,2.2720492864422903,184.0
268,0.6606184900642402,0.09584008031798774,0.9357861819250931,0.0031246000851432964,0.4821145505132627,3.1547986288628795,1.5037293490590404,252.0
269,1.2344130105047935,0.11571750805297615,0.6958955933772749,0.0035734810195777907,0.831115780928605,3.6404330344772657,2.117853958130794,161.75
270,1.438972529691298,0.04719668659269236,0.5977110974526569,0.0025043748075463767,0.9006702335568169,2.563938371657709,1.5541009829974566,-172.5
271,1.2668772642375883,0.052704082242283165,0.5721151953160489,0.003876318085532489,1.056767412885919,3.625636597751743,2.0521200323469513,175.25
272,0.8204586849335888,0.04610470350570947,0.8924552277149215,0.0028030799256817344,0.9730685818408055,3.0677227211083826,1.5570551658820884,247.75
273,1.0269568614126565,0.04027080610742722,0.5562150063023918,0.001026744357380432,0.5535975616605333,1.183591548636773,0.9918386722343773,-41.5
274,1.1288467711232208,0.07488082547540986,0.3946458832523075,0.0019619532160962475,0.6135527230863037,3.7056241093990696,2.3242493237714674,259.0
275,0.5663279775657153,0.11411301602932913,0.36978301573579464,0.0030430729529294246,1.2003533338123917,1.9909317674106684,1.4828673912787047,7.0
276,0.5771506817969368,0.08996934501573615,0.6229463042428877,0.0018490402711157329,0.8381965144828262,3.3179315875859983,1.7389459004115855,109.0
277,0.5240754124328616,0.04150768254463455,0.8325913489662622,0.0029864557597141365,1.0732053560921364,3.248959495443113,1.5025174833299324,171.0
278,0.9326694941302788,0.04751234822593669,0.4111618619133716,0.002347619759271613,0.8281071902968535,3.5561172607716864,2.1055172596442837,301.0
279,0.8797230866968734,0.06663076226456666,0.7495564769901656,0.0017695080922942076,1.1213713223474469,3.604783338616996,1.925842701202788,223.0
280,1.338947670818733,0.08557382874197295,0.8239335143861053,0.0024188907836384227,1.069011675913258,3.7144110057924284,2.109021882045605,158.25
281,0.5851619637878042,0.04165786205864589,0.7173137421401998,0.003751202125176744,0.6383636512801116,2.663995193528083,1.36416406417053,303.0
282,1.3557396495139142,0.07312994596124234,0.5623954070688624,0.0014462756340933988,0.6418850121848181,3.0068447199787203,1.8631864550074981,27.25
283,1.276185592063483,0.04550755720974824,0.3626163825601889,0.0030332911416037465,1.1729836350203273,3.899174840876416,2.4879850373911494,226.25
284,1.3610761780671763,0.0608635405266308,0.6818681940157443,0.0020720693626772053,1.2772225393321657,3.783666286243768,2.2477967405639245,171.0
285,1.3066589678306748,0.06541186046479813,0.2555215675404195,0.0017173616613759273,0.8405405258966135,4.085034216617003,2.9648720498684393,257.5
286,1.494588404940532,0.10868075272270297,0.6919024679574021,0.0038734207753895813,0.9131743954342193,3.736752851367489,2.232729398829682,132.5
287,1.3068731745977504,0.1001708124539777,0.4241338119370366,0.0015420401675187284,0.9360307983491093,3.7376969211377955,2.587085022120576,173.0
288,0.9586929018866023,0.08633401616063412,0.5046838158966918,0.001170763035869174,0.622995569888962,3.760694098916365,2.254104780427654,289.75
289,1.415379958385012,0.04511789195428106,0.8523666100015874,0.0022057526735306298,1.127308712783345,2.7637153110258854,1.6001786316482964,-105.25
290,1.3068192490435049,0.05227035312731149,0.6260558187698175,0.002796647619953111,0.5640514870991424,1.7045650784816324,1.1395267363005723,-142.0
291,1.3751692125549986,0.08734084536192271,0.44055559109722364,0.001091176307510464,1.4562797285318907,3.434813131707937,2.466920537557278,131.0
292,1.3795319207070054,0.06848336369260813,0.7259259703915812,0.0015942101949316372,0.7574189445544752,3.0025438035483334,1.7867374142562653,4.5
293,0.6895859084642583,0.05130918706762004,0.9860172147439313,0.003518800976227711,0.846412453773494,3.0195562330859276,1.4496711612230186,276.0
294,0.5622545309797758,0.04150805952769908,0.5887657341322612,0.0029354812696047354,0.5302819300942827,2.451407499934795,1.344871146200589,332.0
295,0.9588922497656214,0.0747189162678594,0.82678256541871,0.0020957100496912387,0.7341340588508576,3.3664865775499453,1.7759882969690959,226.25
296,1.238444634412236,0.04235887616875912,0.6436236916145762,0.0026673721309748797,1.102177549982331,3.124823939185644,1.7838757607968074,83.5
297,1.132666911785019,0.07945961312627099,0.4426443532745794,0.0023467815141837265,1.0306665833036546,3.7224006134308696,2.4221510053216075,194.25
298,0.7346353266108874,0.09266837153189056,0.7294871965341742,0.0027438072274648725,0.5233340280502359,3.4124622944983436,1.7209103938505346,258.0
299,1.2311021663634931,0.09409210193214089,0.5060540083237436,0.0014290296679564133,1.1377500347310296,3.5620848090533266,2.373355117114519,157.0
300,0.5160860063259799,0.09880391513143467,0.5717554537416568,0.0013790970727905647,0.8034601980858465,3.143632668673966,1.6903190523512657,76.0
301,1.0594567666758485,0.04974631027198595,0.42377622084466215,0.0014242104367405038,1.4395621873882685,3.811540746213056,2.4874910849316114,230.25
302,1.381968917968385,0.06930115938603826,0.9572942004292946,0.0021866456067706217,0.4348039946641447,1.397563778580354,1.0344222584457539,-64.5
303,1.1539174499696885,0.09973562975280248,0.885276763042715,0.002128728330863751,1.3246752074163604,3.3611016558426994,1.9202313323812212,143.0
304,1.0300506125718645,0.08731584274924548,0.47191821003073664,0.0012625645549993122,1.1595887768562925,3.4356121284460652,2.260710439410719,172.0
305,1.4000462349731184,0.040431375905158495,0.8292394053585185,0.0023030279603344543,1.0916824432053138,2.3845617457125763,1.4287970681964892,-190.0
306,1.025801248662466,0.08631395107216747,0.2592849938954092,0.0033778796439017395,1.3133639646327668,3.030194737848849,2.2976405228580212,132.0
307,0.6274960981141001,0.043044643979401706,0.46504287870485056,0.003718285235024616,1.0122128702737143,3.6188923233703116,1.9153814990764977,199.0
308,0.8876298951960504,0.0649352724675413,0.35233548570453244,0.0018973571874621772,0.9503062309559439,3.7733536506780645,2.452539109416385,229.0
309,1.3885634412953065,0.05120780508463455,0.42238124313003045,0.001905888647136477,0.5240452470633831,1.2963542058273632,1.0173858673592837,-75.0
310,0.7805687017585683,0.05783696902180663,0.25069715008621085,0.0031384401073563813,0.723022368470555,3.8971023977239834,2.5148523601867288,255.0
311,0.8793513077236974,0.09085324112969859,0.34316369940285407,0.0013773081456650356,0.4583109127212134,3.8240299871644634,2.424440022131498,335.0
312,0.843275346019958,0.04580185068976137,0.8051363012886457,0.001258617792388601,1.451052061253721,3.5644316683163337,1.8582635718461713,247.0
313,0.936015447525698,0.06476418622161388,0.45815691813196613,0.0012385672892600357,0.47275574929135467,2.527134287198006,1.591185494996446,63.0
314,1.2834404394971561,0.08402825667898918,0.46756723013130974,0.002770217650607987,1.4055616945920035,3.4165424822786643,2.329332476575453,133.0
315,0.7811746777476158,0.059432320247299344,0.390641145643282,0.0037957779236492952,1.1079386163832332,3.55438067458303,2.164164392965143,178.0
316,1.3106544983197355,0.08578970448528056,0.6233652853288063,0.002855577130559829,1.1185776572112303,3.7060774444779696,2.267839946509391,165.25
317,1.2546339301777731,0.07609303383519331,0.8407207413170317,0.0036724953245545035,0.8982950028940851,3.550362039946808,1.8909761375291325,156.75
318,0.5073536960365905,0.09213154466739298,0.7115539227921084,0.001601673005315414,0.694675304737068,3.388636896760799,1.6342305041745184,113.0
319,1.1135586413762248,0.09264926086619943,0.31125462581506674,0.0028889697164395855,0.9812493477116399,3.5141161643559355,2.5055854926706527,168.0
320,1.3637952485069227,0.058045827534758336,0.3720586182971303,0.0022623832395556563,1.070349263247524,3.9770711200329942,2.6638929919278125,215.75
321,0.9458876179796719,0.09968441724445876,0.8707802314235369,0.0019014663849692237,0.7801362448288243,3.5799210600050486,1.8657794549587936,230.75
322,1.4303217538438138,0.07267234528857984,0.5464574079517099,0.0036534292215822566,0.3672065777104415,1.6181852867438378,1.0810107987485755,-132.75
323,1.1973475906188056,0.05276198903512947,0.5531881421799685,0.0014445336693124874,0.6872264263448784,2.3180879155958225,1.4874305880939298,-140.75
324,0.920889198936538,0.04214331650561294,0.8713628915354171,0.0023710471558594033,1.0667350813458318,2.995241092416428,1.5840540053457592,174.75
325,0.8291811141270667,0.0549517842320286,0.4735797719232526,0.003477213753104825,0.9942472082855549,3.7143651163041915,2.1040984902913182,235.0
326,1.1154720963488116,0.04010268444937821,0.4761058252604046,0.0024165768013049713,1.4770094952078296,3.829803607149193,2.333710066354574,241.75
327,1.0688420472172828,0.04630067911647192,0.4785012379539555,0.0025801935543968485,0.9738107952176446,3.5467469628945163,2.078290488978715,236.75
328,0.6782968782743082,0.050831167997136203,0.4231047342650874,0.0027699229151937083,0.4470909318494741,2.59127398770574,1.4865112323611156,279.25
329,0.7807511542416516,0.07691018870205399,0.4018767732802204,0.0033731367828846778,1.421155057754226,2.8690216186325506,1.9201733793941367,105.0
330,0.9821528392003317,0.10281773014864576,0.2944497635821363,0.0036147852116547156,0.6187877570243685,3.7556957414446823,2.51716199631466,230.0
331,0.5918030675641256,0.06878325508594392,0.3862732543056892,0.003612728059925392,0.3588725701918959,3.1676996437455003,1.6977222636296705,290.0
332,0.8927115023812696,0.10361077625594645,0.47030850419614656,0.0037549811339569143,0.4077014539446585,3.5910438686596478,1.9884511914513707,297.75
333,1.4513210126292786,0.10677723651867324,0.31081165286607615,0.001193411650463058,0.9334084725522317,3.7436302937154617,2.8495408991672626,157.0
334,0.7760179238163515,0.09025421337324677,0.42033086558959754,0.001973407409323141,1.0860865741340562,3.0991689011190684,2.012130991352926,124.0
335,0.774857774693595,0.06920658880564332,0.5994074223244381,0.0017258098062878917,0.5649213473901409,3.266126924570842,1.7875022755018863,333.0
336,0.9082918832584198,0.047392510651875226,0.8503015434674233,0.0011849423204233053,0.7644570538452526,2.387732199922194,1.4094748372035448,-16.5
337,0.7506642739623357,0.063342054572539,0.3202890583729179,0.00230828264324053,0.5260372325852608,3.6732472344512033,2.201177455928196,319.0
338,0.9367855080647515,0.06530510374937827,0.3156812048264639,0.003994295755354241,1.3288369896403354,3.3494715546457194,2.301603145960347,164.0
339,0.8124858480700815,0.1012868314045284,0.34627736861232106,0.001010807345614906,0.38867987649310903,3.7842514345899443,2.3808857109875756,329.0
340,1.0915760250966602,0.08468320425627407,0.7925290686137251,0.0038304395449673444,0.5018741476130133,2.919747143876298,1.5517512900091335,70.25
341,0.7839975326959078,0.0903213044388709,0.6703268678321049,0.003899212301723929,0.623627498484198,3.5580499954163964,1.8174655356664176,228.0
342,1.157860703556183,0.10254295814568573,0.4320706032748306,0.0014732111114708723,0.9692002978802419,3.556292420156296,2.4260448531435292,168.0
343,1.4146629024121569,0.10533155749129414,0.46087318060647287,0.0013043488382776449,0.7503370542781782,3.938875447832084,2.667883806585098,191.25
344,0.9103985917151581,0.09663828982533215,0.3415965970200742,0.0026828174561246993,0.5714806556656677,3.839668092263116,2.450094302768265,253.0
345,1.1306797849799188,0.08997149432496424,0.41807929310337977,0.003291915867986807,0.4049420112149106,3.1084051632170335,1.811782730925965,131.75
346,0.911944148975472,0.07414568493813817,0.7507939019647676,0.003951123186942684,1.263908274679161,3.435654101771762,1.8564953928734083,177.0
347,1.0491333537377692,0.11826657523203601,0.9045039308322407,0.0017199938715247338,0.9142800079199684,3.503324668932979,1.9043142521501966,179.25
348,0.8741494986487884,0.0912375946687198,0.8231498033422627,0.001342435601378836,0.37620654440399165,2.3602127818729586,1.391239357483214,-3.5
349,1.2005898458818391,0.0823124338020543,0.7876084743088771,0.0031728415069929355,1.1023534898340825,3.657220013876912,2.0377842042208307,173.5
350,1.1356233495965418,0.056445289748110625,0.3789571366221606,0.0027962045822178196,0.42889754906246436,1.704996504927245,1.156534695740184,-143.75
351,0.6906566872673193,0.09343457083711817,0.9809679852703309,0.002163068189810156,0.6063067883760634,3.305122114870896,1.5748480351592433,235.0
352,0.6980115753330903,0.10609020782483095,0.705234788523859,0.0038845115062914283,0.5906592871458543,3.5045355139289636,1.7500502151875519,186.0
353,0.6981523338719774,0.10425196912799162,0.6879581984775891,0.0020656540300032977,1.1169713328672142,2.9460828484588064,1.6796497947354752,100.0
354,1.122839242871201,0.05916735606314019,0.6553212755419805,0.002029864308203528,1.2216583406546937,3.7416770595386883,2.1597056845662603,216.25
355,1.472263116049751,0.11755181190837363,0.8124648742423659,0.002539920951117134,0.568244630351728,3.4667790145700916,1.9613586488698056,86.0
356,0.8328401262955158,0.06147950235231629,0.5071266981682422,0.0034117593338491457,1.1187111294334446,3.60485233034191,2.072654549503347,196.0
357,0.9229324941743768,0.10508009764741782,0.6768084214006533,0.003752142847092559,1.4455811970433872,2.758729505636875,1.726938772817411,113.0
358,0.6509844054971409,0.0883890011986669,0.30938566266146195,0.0014896667082118112,1.3781192934839273,2.3254077008894125,1.7263296526183252,43.0
359,1.4575121618629665,0.07993503151761083,0.3672338137324906,0.003019050203574866,1.2223020804582525,3.7242117720456265,2.6389313741465776,147.0
360,1.1107805605905847,0.055780562624577756,0.9759944728847654,0.0031248322825322334,1.2383887951832104,3.4589761832654045,1.771390618182856,179.5
361,1.3630645251881202,0.07575499884127046,0.6359641428816815,0.0012941793542109636,0.40858754574455425,1.3357587437313638,1.0476808623301184,-76.25
362,0.5055428227673823,0.07800754394308468,0.47012381381601387,0.0033803128990758605,1.3617627339256857,2.4912248633481577,1.557040009848212,21.0
363,1.4608674076254664,0.08563367925600607,0.48657063181458693,0.0013947101597136162,0.5642590751095001,3.1020896837699916,1.9817124053214015,30.0
364,0.7326688767740185,0.09125317895228272,0.8565004260120015,0.0017636450119353718,0.5655801647592401,3.3243573044174455,1.661402209818116,266.0
365,1.4560123512337813,0.0408385276381788,0.26472731357650603,0.003267434326015624,1.266140261908053,3.990469714030206,2.6816832493781364,204.75
366,1.275829824583137,0.079867711929938,0.27472834079228975,0.0020950302231549844,1.056421771178498,3.7535261299557954,2.791908811723291,182.0
367,0.7086504956913239,0.11648690732462172,0.7632691222867678,0.003566095657237842,0.891140167465064,3.1356079305413695,1.6710230605318883,118.0
368,0.9607370388728302,0.11095535219614441,0.9361707697435309,0.0017098753553790235,1.2599972283641183,3.1515573304569293,1.7471300745533367,146.0
369,0.6766461426808325,0.11670358194731398,0.7989060058971293,0.001059776016341521,0.8974021104661497,3.1729244162643497,1.6733869538511783,116.0
370,0.6474114571671659,0.06507642440970314,0.8927129706586368,0.0010960395832355703,0.8490365584480737,3.357343674283253,1.6304803535605121,227.0
371,0.8100284457357259,0.10327653077894683,0.6244999637156736,0.003705759462715986,1.4937881842671263,2.53478944176235,1.6334275677970098,86.0
372,1.236340433714637,0.10342434533294678,0.7876236068876218,0.0033824768204872117,1.4806150823307749,3.152876115724395,1.9255284046086443,113.0
373,1.498048142050007,0.04676354031870351,0.7893848207425891,0.0023532338638917643,1.4033629040248057,3.444013376476155,1.9749581259247087,76.0
374,0.9027627715483273,0.10775792087312427,0.38535224482094255,0.002645865075195878,0.6435027829406876,3.663829578189281,2.3352587512419234,207.0
375,0.9489485262660181,0.07571235268877502,0.2909962341942447,0.0036351514299515276,1.46705701769545,2.9784510055889806,2.186705672738187,132.0
376,0.9656438159586246,0.04093780766637655,0.9671317836013852,0.002683883956906697,1.3393081149422057,3.214295232231149,1.6396076146321696,191.0
377,0.8459888422237206,0.047637360357413235,0.49253160884257047,0.002359993782015164,0.6894582011465972,3.0435514834357478,1.7323078912869254,257.75
378,0.890970253653473,0.07774003700916066,0.6341265605839702,0.0015985179989397346,0.6783833531142804,3.5806727980376736,1.9794501494913435,293.0
379,0.9203618698095201,0.062145322888404894,0.3516974044854694,0.001319568820383279,1.4711477196871008,3.369287312764353,2.329999262678754,166.0
380,0.9953871628790666,0.08866375692805793,0.5959148606671678,0.002091235949379277,1.3969167041209283,3.1592553688108236,1.983249283710728,148.0
381,0.7564943819755701,0.06329323362036296,0.8431667120449446,0.003925023001078056,0.6126877577631997,2.9867513740368503,1.4845567571110458,270.75
382,1.4507861236074127,0.07720246259004704,0.9098414592256203,0.0016717643825741697,0.4512282782800397,1.4536281924141439,1.0718952159658326,-84.0
383,1.4967684878308392,0.055894755076495495,0.8060607870259161,0.003244671447757093,1.1937107217840612,3.4785451867687858,1.9362747329478458,79.0
384,1.4760486172881855,0.0986135664713188,0.766715061511701,0.0037068922690821227,0.8149159189363924,3.7183495531522226,2.0985916944767524,131.0
385,1.3800807169795495,0.049610565718843896,0.43858528032850885,0.002191751088266648,0.7035434467195966,2.1063216414402186,1.3854295086238202,-150.75
386,1.0128777778085971,0.06894073426816598,0.7272345903420981,0.0032894042839606234,1.041677965712199,3.6414642048360317,1.9606827505359847,219.5
387,0.7074600588983307,0.11483112082309435,0.782896782252914,0.003146986107237049,0.7677450598717017,3.334942625080353,1.7067541848919925,144.0
388,0.9154488892839079,0.05967775613704063,0.3280576465964313,0.0032126313250877146,0.5672298238960526,3.5180800301603203,2.0819762648630284,307.75
389,0.630865320474203,0.11165166308828417,0.4555736623175155,0.0020487366720581632,0.41634886516288994,3.6658383251222455,2.018552754584612,201.0
390,1.0557165014563379,0.05977111061046979,0.5422296653007755,0.0034394597443797572,1.491396513335412,3.5683242820894185,2.1654307421454013,181.25
391,0.6153629172915381,0.0578172407965938,0.4754947300530445,0.003365853476811869,1.2015317538028256,3.3425460240601934,1.8835139930964246,119.0
392,1.4556919192360562,0.0885414399331343,0.2630094235735379,0.002100499537458329,1.027710513853026,3.7951415962714377,2.8991181002440563,163.0
393,1.0006155588214947,0.11755386209317775,0.44737184118896084,0.002033803943182945,0.9854258656092411,3.163916181395056,2.1338910836796314,145.0
394,0.9869599624677221,0.04632804462463982,0.5919327815024966,0.0016383532273848327,1.3327915570565638,3.7310540554356373,2.1513900198390115,257.75
395,1.139510176751727,0.10398740167071202,0.6089639437645332,0.003209287754690571,1.0249063427921827,3.473021549843755,2.12437154249932,155.25
396,1.2622894801498492,0.11735874172375993,0.9668707334153755,0.0035105340800658993,0.7005456840235679,3.5862393110499755,1.8794364356297486,155.0
397,1.3001379398030695,0.0522200466557687,0.6855575519809343,0.0010279223592969443,0.7511997184182659,2.052440487218934,1.3710171055282585,-144.0
398,1.2823092161409395,0.11982645331603944,0.409548690395573,0.0011824796816997136,1.2252638892636138,3.0988200577861886,2.284025566684875,111.0
399,0.7083852337486967,0.061030729497670105,0.7118413755545363,0.0030808851334865454,1.2655329001054092,3.434108838155907,1.7731357703326345,161.0
400,0.5560754890565952,0.04599708377120122,0.7943689069188293,0.0010929608309639205,0.8361206672802186,3.068096952631141,1.5352699311753806,239.0
401,1.1135830408369247,0.05420722697748413,0.8533047294918478,0.002620612888582714,0.5731861592270262,1.8960787234184675,1.1924746096444412,-170.5
402,1.0433601694862413,0.06300431746818133,0.7660938719189067,0.003949819998588662,0.9020353014941704,3.4778997681441584,1.8084490609014638,205.75
403,0.8880876434694791,0.04601792461164944,0.6013808390276827,0.00334650956245,0.6596771864809632,2.6355737669592334,1.464809052524,94.75
404,1.3230748488615762,0.07839121820726339,0.9745957658899717,0.0010965311173851992,0.8458193373896477,3.2845061562902393,1.8476881728409427,91.25
405,0.5661478736623051,0.1085635320856265,0.5902393594687398,0.0013502211135663857,1.0147868871379204,2.747247994662606,1.6063899239414732,58.0
406,0.8847886932346722,0.0951675122119215,0.6715494281082874,0.0025199875818771576,0.7932452895737321,3.604120606582673,1.9711354031080737,211.0
407,1.2142590041945778,0.08472807633238265,0.7297651516090443,0.0034225757846548825,0.8302762047724641,3.6710697437621436,2.023898929118039,184.75
408,1.172231849604246,0.0946350935053451,0.6438969965045626,0.003652147581272058,1.1913780073358562,3.4325325223001544,2.083641297790514,147.0
409,1.0008411851323844,0.06444971822266987,0.8743383466727681,0.003864495574953224,0.7570333372655405,3.157152345131525,1.6097946643515377,164.0
410,0.6496565791562653,0.10914199046243214,0.6105196684121275,0.0011840270383407167,0.8117789953502683,3.2387381982361165,1.797950857471807,117.0
411,1.3272936676612588,0.09451702903969109,0.8625343724464014,0.0016356891323612128,0.776446067321509,3.585293366241984,2.0188236467338805,149.5
412,0.8119259232702156,0.052955369978827355,0.8600987611987849,0.0017303493547220702,0.7478597355218062,2.8090491941650595,1.5133648608712098,206.0
413,0.9343495518560607,0.10327394313164168,0.6769668659793913,0.0036019910420669603,0.5419742707068756,3.5719889602949455,1.8830912430242812,254.75
414,0.7126520606231291,0.05478130270907184,0.9544861728124283,0.002250302410014006,0.9017195909020188,3.1786090255720656,1.5521725135490265,271.0
415,0.5780375959729692,0.044000283029679496,0.8725226051635252,0.0033694205184177156,0.7646198564418544,2.8363271684013145,1.38827376528057,265.0
416,1.3376880461333926,0.07812368233949674,0.3557689616152,0.0010070218347206046,1.398762802548993,3.569232821555162,2.645014905649167,150.0
417,0.5104120809072672,0.08952371599939116,0.737648436298611,0.002127693036881478,1.299327421002686,2.7007270956284835,1.471860935592538,37.0
418,1.3454142433135239,0.05875134880897953,0.9581999703504023,0.003351265133563882,1.4897784672033807,3.628005947530433,1.9402978872008938,142.25
419,1.1790259245574788,0.11403026050942736,0.9146328281838765,0.0033236177959708514,0.696110609106964,3.5953378115618064,1.8887656951376561,175.5
420,0.5215980390207685,0.0464919253045203,0.4005278956374539,0.002964465947786962,1.3413814856948645,3.282731899417731,1.8793588464010476,91.0
421,1.0680652414751377,0.08204537011369184,0.2729702704654243,0.003134542979168701,1.274738928539961,3.2336488725468278,2.4055193322719366,144.0
422,1.4359616953159986,0.0626133534336814,0.5227041984147235,0.0017657167483426427,0.577817934108302,1.8707290564056636,1.2844344671859635,-136.5
423,1.0812725195750221,0.07036821718402969,0.36665432471623627,0.0037297460294794258,0.9444675708863501,3.8006250915137962,2.4440442144309245,223.0
424,0.7808275177208704,0.11331385267012961,0.85821032535195,0.0032033360095521605,1.2998220964731773,2.7892143229639896,1.582427031219751,100.0
425,0.6894600661504281,0.08190063343754653,0.8098399364373513,0.0023758255294603087,0.8769171381991674,3.468720160218411,1.7133281950014485,178.0
426,1.4261554433321328,0.05182289540290614,0.7753668405612295,0.0034995495934803905,0.6514838071441023,1.9133311768949257,1.1882376363568725,-169.75
427,0.8446430587770427,0.10674964138606416,0.7937714793167665,0.002464142608948432,0.7539995943739232,3.5316370166779825,1.8387072538030058,198.0
428,1.4661562940093535,0.06764661445878181,0.4192084973244006,0.0035599901069694596,0.8912217069109466,3.8751751594761674,2.4230939154226006,169.5
429,0.9391458325111406,0.07867744991883052,0.9717648815644804,0.001276512305510404,0.7799936081325316,3.346068387814119,1.733138024369322,228.5
430,1.0116546746125457,0.05004908988681646,0.5516064747705409,0.002141740154123934,1.2456825620345533,3.7617788286688225,2.1975097219989568,249.5
431,1.2139098108180812,0.04625406799286317,0.4713745762930043,0.001971478053244412,0.9369121027199675,3.255030768756419,1.983931332948893,145.0
432,1.2503791614077335,0.11624018185820761,0.5996099182567931,0.001263771362043584,1.4509242916952472,2.9596714151098005,2.0226409168803507,105.0
433,1.467740367525514,0.0692925151991334,0.8983842379207868,0.001806893002305049,0.5332059723650708,1.5949949549829403,1.122903604257357,-111.0
434,0.549015926878228,0.05367133650413862,0.5539438613069085,0.001225560100554621,1.3714009610052957,3.2855513247184676,1.775048227776183,101.0
435,1.4867911813341268,0.04726166617650013,0.6097074616671039,0.002305508422939766,0.845491028065722,2.1769053683018424,1.3832137402861941,-164.75
436,1.129496716337386,0.07563219388634886,0.46192550181916986,0.0013022871297098488,0.8833642423230678,3.87816428260183,2.488286373432581,239.75
437,1.3043187039044537,0.11737649670055814,0.41253000324748934,0.002903915479031821,0.5058430244231564,3.9001069240363715,2.4731548106303394,213.75
438,1.0609159538740425,0.08744522944925587,0.31175138070045516,0.0033504354938712773,0.8133380476981021,3.730353883325861,2.5374729385279426,210.0
439,1.1777221023391338,0.0749512466591093,0.5360140217089234,0.0035159653509071833,0.6790634612488816,3.590773974298109,2.044816880088273,200.5
440,0.6532586712892542,0.05889127721157151,0.9742041718007972,0.003794904082605504,0.758760568583351,3.0944801101202457,1.4548169532783546,250.0
441,1.077919445641458,0.05083093101873762,0.991280965063676,0.0019411347651782142,1.3814145290902098,3.460480628639767,1.7996327465555713,190.75
442,1.3040809296154876,0.09209828572033245,0.9203824534587992,0.001001361344410563,1.0853553219188066,3.6933721824102923,2.0907085868550848,165.0
443,0.9920113939616841,0.0523258581436927,0.590149657294463,0.0014745082888404986,0.4556922627244311,1.4226874607659172,1.0685855081122593,-109.5
444,0.5357179531295724,0.044823580497165026,0.7414317795438876,0.0011583956995561372,1.2779610365340464,3.44445884214466,1.6566296794972801,143.0
445,0.6962694279118122,0.11391876405602816,0.7476791642442446,0.0010733762131680225,0.5203866874732862,3.5271095906227528,1.795635133725924,219.0
446,1.4424164100139316,0.08813707471560644,0.4206537588172335,0.003368867767506881,0.9379626695890109,3.8621232173666864,2.567301136991485,166.0
447,1.4503860087634308,0.06656085824359016,0.6021098041904842,0.0012159866643508077,0.5485504114339806,1.6151322145187532,1.184238590142342,-110.75
448,1.3330126757927019,0.06876583106820272,0.5214492637518382,0.001071873847345329,1.108985512250843,3.901891750624728,2.5407889831262818,202.75
449,0.7615970880807554,0.04081906650157235,0.9811649641776719,0.0036708182601569404,0.5956774949096972,1.9857300850228485,1.155711085380699,-166.25
450,0.5691115024204256,0.11739986634437147,0.5037107314884844,0.003185553170450993,0.8235181350261804,2.8266479948361787,1.677877688177159,64.0
451,0.8438525225252551,0.07027433871834107,0.8915448733095146,0.0012227536470881446,0.5996147568152354,2.8239163754115233,1.540575217777895,188.5
452,0.5642020595799219,0.09775459819301402,0.629708609518735,0.0026149273955634908,0.8799975022657299,3.1251218477354534,1.6657860369377284,88.0
453,0.6683306382052762,0.10107429915649965,0.9984870645685169,0.0016069380727443117,1.0397454962439305,3.2290666709006812,1.5766005013527706,125.0
454,0.7509356379800078,0.10533180577703577,0.5233620689758871,0.002266778923174533,0.4070219818514784,3.562754360662929,1.945961957606266,279.0
455,0.7905164378448662,0.04666611324726925,0.7235000912382561,0.0020950179032914514,0.9178562898554158,3.2171405266145916,1.6927973675786936,301.5
456,1.1406096748939825,0.059395153092115835,0.31123487745597844,0.0029277460918465917,0.8126887098380602,3.9311819306359705,2.546044667288425,270.75
457,0.842955394358808,0.055938200386013257,0.2557255257213077,0.0021176592250649624,1.254960020714552,3.5304893032641766,2.503182569417604,181.0
458,1.0639064238966096,0.09817462437983698,0.8605654640384026,0.0023129034029535705,1.0302137426221645,3.5435511605768717,1.9317704053956215,179.5
459,1.2371175954307985,0.10244413559349791,0.910744016301731,0.0027981421370036888,1.2871901459263442,3.4120800855136437,1.940610844614948,133.25
460,0.6972942305195099,0.08788015391984114,0.8264323380800173,0.0027106987644468644,1.0563824110225504,3.299703244467454,1.6755988209494934,137.0
461,1.136330961144084,0.08897138115120418,0.49152818224972006,0.0017456353943212687,0.7400392989825547,3.8527290626451203,2.402887006925533,234.25
462,1.345967080514334,0.09022979866113712,0.6937623514669533,0.003389405195655891,1.0037377763694693,3.732971813067845,2.1859648074820552,157.75
463,1.1462086536784675,0.08722475338508738,0.4809946673189399,0.001459263719640601,1.099664050157434,3.6108109308857905,2.380281698514706,177.0
464,1.4340204050246685,0.08868331659685291,0.9536845813966589,0.0012314235929618297,0.9123787918431702,3.5864803894423014,2.031526233666239,122.25
465,0.5825623373326101,0.06030625019582051,0.462550791298284,0.0036777141954600296,0.9104122329215046,3.510018153447857,1.8951802853728565,134.0
466,0.6566059778231395,0.0863484591067803,0.35677863205027993,0.0019738977621431538,1.482382960620714,2.3110259237147623,1.674803583679667,43.0
467,0.7771052101027092,0.10969750164727096,0.992767555853414,0.0012891285189811435,1.132423208390053,3.1603778131794447,1.6323332143520444,133.0
468,1.4946401359409698,0.09081587873085586,0.5066385268278787,0.002942804880857246,0.4360795949968326,2.4330180088078093,1.4899010793920389,-178.5
469,1.3540405206443324,0.11985336442311892,0.2685307480931321,0.0016967102257503812,0.7910555751411923,3.692721071077526,2.8283515269692825,165.0
470,1.4016884114074424,0.055270191502136856,0.2898404983910311,0.0014587547750953872,0.5083141209269915,1.2837801553214574,1.0382570385412309,-83.75
471,0.955753746424167,0.07621634579709577,0.5284028172851374,0.002074271031246211,0.4920044039578466,3.111455733264009,1.7974953003371215,207.5
472,0.6313944082821665,0.061487181035040875,0.7242933246377085,0.0030288305261059667,1.2996746186649668,3.331236683909734,1.6912370240538335,126.0
473,1.1483063107478206,0.04174715661590493,0.686208628719043,0.0023331141133422746,1.362002088702928,3.5248468989067794,1.978877235682695,197.25
474,1.3227734698456848,0.04643042516463727,0.5699177312880501,0.003873110332166864,1.175566549357123,3.5730664087310715,2.0275751738676737,148.0
475,1.007077980241374,0.11002053939541825,0.3910742682665486,0.0035775018253573904,1.0999176399817854,3.010921802974496,2.1012427121981316,133.0
476,0.9073663092926023,0.05047331654496061,0.9186006063358669,0.0034941858940303718,1.3897885844298723,3.499037586231554,1.7362635795617047,237.5
477,0.5361514933473684,0.04366927996540349,0.34378816421894853,0.001831218768870861,0.6929440174753305,3.6187043541172983,2.0338344399493575,214.0
478,0.7517519341476879,0.10693441615136035,0.6727181145548748,0.00239720692173849,1.0099106993304812,3.1115068312976097,1.765632756940567,122.0
479,1.0718928402539143,0.10992686091913142,0.608171263861744,0.0037984179167154237,0.9840865223625798,3.3781385890668445,2.046196908288976,154.25
480,0.7734105826905716,0.10634933926131335,0.5376774289089343,0.0011007379512609943,1.3497341280206927,2.5744454456632266,1.7051303079880502,86.0
481,0.5091534430401231,0.086903141207618,0.8116936350254883,0.0036920069677521595,1.1169742426660074,2.9854874899567414,1.4840818133816374,62.0
482,1.0223193167735136,0.11901055593020685,0.7808954435325532,0.0036351303932190726,1.059552853959342,3.220744799558382,1.8518068328135462,147.0
483,0.9680402901862969,0.10138203854599245,0.9225973080690537,0.0023276080503845872,1.471063268950418,3.0420236829209952,1.7181504620163357,136.0
484,1.02560836058943,0.048811000761177066,0.9320466384390016,0.002851798072298516,0.540224960733231,1.6918472723308218,1.105635345961552,-156.25
485,0.8825652536021319,0.11402150157088248,0.6000644745200443,0.001996137975931875,1.1102972209927695,2.993786584998374,1.8621539654914732,128.0
486,0.6014189728205729,0.07428620749685447,0.8099027630103537,0.002689562826531234,0.9989453595372386,3.3758095867809303,1.6302701290488764,131.0
487,1.389391304729775,0.06368758775668161,0.7922531391320173,0.003925358598505989,1.4953887078166268,3.6942608705668714,2.0899397405995495,145.5
488,0.8385127051106646,0.05228934835982981,0.6187212651903229,0.003669696206532773,1.0247758998298604,3.5972196664080918,1.8940379602176058,253.0
489,1.0117013746549874,0.1190222612121355,0.5387284819514037,0.0038820122835140883,0.9254479938301262,3.2574119736113514,2.039475875704156,154.0
490,1.4746207860038787,0.07398302496629228,0.37410829615560326,0.002679643629385933,0.5206268929512979,2.5597086385517067,1.6126655642090315,-152.75
491,1.3441529190906216,0.08199428884906179,0.8626520858295914,0.0023600563612873353,1.3913088077388651,3.6184204087913323,2.083752750212582,144.25
492,0.9356463691518005,0.07922626043754377,0.892905759699113,0.0011038084534632526,0.4796641618639502,2.403362199757862,1.4153962829903775,-30.25
493,1.3176026988500729,0.09219969754694798,0.30449118142048254,0.002579758171488465,0.7008780506617764,3.9914256083589437,2.784490670609405,219.25
494,1.215126911214699,0.089967026104769,0.6466714186732694,0.001948176205616717,0.5458284093801757,3.2282345002846267,1.8778500070192348,127.0
495,1.0699763586021156,0.10911069223434314,0.7450436857226009,0.003568962555562712,0.5527540633509468,3.5523675627166376,1.8841746609503893,208.5
496,1.4278940101976438,0.0538193834259102,0.7864509607797024,0.0035000378349283713,0.8049025860944362,2.540828084797305,1.4469125496923305,-207.75
497,1.3632117363540277,0.0650552756284376,0.7655332222479345,0.0020614678886870554,0.47979539852547126,1.4976228126171514,1.0791830272953025,-103.0
498,1.2622087689790926,0.0543986600795399,0.5907692740982126,0.0019615494926533885,0.8175099017600134,2.9793116462368077,1.7791800571229648,44.25
499,1.4310472371398046,0.07658528314672014,0.6852546395997676,0.0038112436186642225,0.3898205249381045,1.7807782038724664,1.1314562776324528,-156.5
